File Path,Size (Bytes),Size (Human-readable)
/mnt/dataset_1T/FTV_News_flac/HCZSQqXsUXs.flac,4679136681,4.7 GB
/mnt/dataset_1T/FTV_News_flac/0hCpvNCsmnc.flac,4646251937,4.6 GB
/mnt/dataset_1T/FTV_News_flac/fjPSDsBc-AA.flac,4004279264,4.0 GB
/mnt/dataset_1T/FTV_News_flac/bp98ikTjT1I.flac,3865046358,3.9 GB
/mnt/dataset_1T/FTV_News_flac/Eo7kntutx3w.flac,3194081694,3.2 GB
/mnt/dataset_1T/FTV_News_flac/8aFGOQ2Ob_U.flac,3119633294,3.1 GB
/mnt/dataset_1T/FTV_News_flac/ZTqCwPnfBWc.flac,3090188869,3.1 GB
/mnt/dataset_1T/FTV_News_flac/0o-Swz9urtQ.flac,3082622515,3.1 GB
/mnt/dataset_1T/FTV_News_flac/e64ZpR3xiTw.flac,3031065316,3.0 GB
/mnt/dataset_1T/FTV_News_flac/2ruTkSG4PFY.flac,3015550391,3.0 GB
/mnt/dataset_1T/FTV_News_flac/ggH-giLipvE.flac,3006582049,3.0 GB
/mnt/dataset_1T/FTV_News_flac/ZwuNMBDw97c.flac,2990657602,3.0 GB
/mnt/dataset_1T/FTV_News_flac/5vTL_MP8yQo.flac,2764965015,2.8 GB
/mnt/dataset_1T/FTV_News_flac/vWEb97x_UxM.flac,2732724259,2.7 GB
/mnt/dataset_1T/FTV_News_flac/oTNQyivF1Bg.flac,2713587295,2.7 GB
/mnt/dataset_1T/FTV_News_flac/DuAyx6vREWA.flac,2567779333,2.6 GB
/mnt/dataset_1T/FTV_News_flac/eVBl-qGz2n4.flac,2526582553,2.5 GB
/mnt/dataset_1T/FTV_News_flac/Air_ZSircLc.flac,2438137984,2.4 GB
/mnt/dataset_1T/FTV_News_flac/q9Ou3Z1sodY.flac,2437766658,2.4 GB
/mnt/dataset_1T/FTV_News_flac/RFuCVZEl9pc.flac,2425856119,2.4 GB
/mnt/dataset_1T/FTV_News_flac/4Xe8BAGC-MY.flac,2421423442,2.4 GB
/mnt/dataset_1T/FTV_News_flac/BXkvSnP4XjQ.flac,2406083996,2.4 GB
/mnt/dataset_1T/FTV_News_flac/hVumNu_Q5cw.flac,2318369031,2.3 GB
/mnt/dataset_1T/FTV_News_flac/VWFbalopPJA.flac,2269427663,2.3 GB
/mnt/dataset_1T/FTV_News_flac/wc0eyxSpQ8M.flac,2107337151,2.1 GB
/mnt/dataset_1T/FTV_News_flac/DGMeuT5Vrko.flac,2080587032,2.1 GB
/mnt/dataset_1T/FTV_News_flac/WwlCoAPSNOM.flac,2065440037,2.1 GB
/mnt/dataset_1T/FTV_News_flac/IDQ0BlI6Skk.flac,2061772776,2.1 GB
/mnt/dataset_1T/FTV_News_flac/r7q9ZRxyjW4.flac,2046744763,2.0 GB
/mnt/dataset_1T/FTV_News_flac/65ly8kTeFpI.flac,2038051375,2.0 GB
/mnt/dataset_1T/FTV_News_flac/Zfg5wH3SBj4.flac,2033826452,2.0 GB
/mnt/dataset_1T/FTV_News_flac/fFeTTnDer54.flac,1976284098,2.0 GB
/mnt/dataset_1T/FTV_News_flac/S00i4IizWAQ.flac,1972378729,2.0 GB
/mnt/dataset_1T/FTV_News_flac/rEicvjSMfCM.flac,1941661656,1.9 GB
/mnt/dataset_1T/FTV_News_flac/Lw8p0cCCQhg.flac,1940261720,1.9 GB
/mnt/dataset_1T/FTV_News_flac/4d7JN7_h3TU.flac,1929172834,1.9 GB
/mnt/dataset_1T/FTV_News_flac/MVperszOaaM.flac,1923778107,1.9 GB
/mnt/dataset_1T/FTV_News_flac/CSkl_WxqSOg.flac,1923192894,1.9 GB
/mnt/dataset_1T/FTV_News_flac/d7jbmtWO9nM.flac,1899615182,1.9 GB
/mnt/dataset_1T/FTV_News_flac/EJErAUdIAuw.flac,1899560905,1.9 GB
/mnt/dataset_1T/FTV_News_flac/cewEVjhtBXc.flac,1880743492,1.9 GB
/mnt/dataset_1T/FTV_News_flac/V9H0TlqiBwI.flac,1856172636,1.9 GB
/mnt/dataset_1T/FTV_News_flac/l6Tc9FCGwV4.flac,1851139734,1.9 GB
/mnt/dataset_1T/FTV_News_flac/g66E-3dt61w.flac,1822792521,1.8 GB
/mnt/dataset_1T/FTV_News_flac/cC2DndvorgQ.flac,1822154805,1.8 GB
/mnt/dataset_1T/FTV_News_flac/twISoZ3EElg.flac,1815642492,1.8 GB
/mnt/dataset_1T/FTV_News_flac/i42R7Zv-5Ns.flac,1811756149,1.8 GB
/mnt/dataset_1T/FTV_News_flac/UEsmHE6Iew0.flac,1789498267,1.8 GB
/mnt/dataset_1T/FTV_News_flac/sbJGh7TjU4I.flac,1722520311,1.7 GB
/mnt/dataset_1T/FTV_News_flac/VJNmuEZ6Y0A.flac,1710699867,1.7 GB
/mnt/dataset_1T/FTV_News_flac/Sj17yqTCKE8.flac,1710419797,1.7 GB
/mnt/dataset_1T/FTV_News_flac/iVExttbHE3A.flac,1709045194,1.7 GB
/mnt/dataset_1T/FTV_News_flac/9jTrcbjtsmA.flac,1703663689,1.7 GB
/mnt/dataset_1T/FTV_News_flac/t1E1cXykiqQ.flac,1702211684,1.7 GB
/mnt/dataset_1T/FTV_News_flac/1fqlYcR5SW0.flac,1699403589,1.7 GB
/mnt/dataset_1T/FTV_News_flac/PMcuv3npogA.flac,1684477501,1.7 GB
/mnt/dataset_1T/FTV_News_flac/SKgBBxmRAOw.flac,1680327435,1.7 GB
/mnt/dataset_1T/FTV_News_flac/Ah7koAaEzb0.flac,1675419765,1.7 GB
/mnt/dataset_1T/FTV_News_flac/bg9iXYgJROQ.flac,1651850730,1.7 GB
/mnt/dataset_1T/FTV_News_flac/IWieYKpddqg.flac,1648755249,1.6 GB
/mnt/dataset_1T/FTV_News_flac/Q0k4f7Oz8aE.flac,1648187319,1.6 GB
/mnt/dataset_1T/FTV_News_flac/eS-i4dSk4O8.flac,1643081977,1.6 GB
/mnt/dataset_1T/FTV_News_flac/lxNIyr9cvWw.flac,1641237878,1.6 GB
/mnt/dataset_1T/FTV_News_flac/-VqQtMwl9SA.flac,1640255186,1.6 GB
/mnt/dataset_1T/FTV_News_flac/1s75rw3hrcQ.flac,1624822645,1.6 GB
/mnt/dataset_1T/FTV_News_flac/5DD-F2qTZ2A.flac,1622497992,1.6 GB
/mnt/dataset_1T/FTV_News_flac/nxhHdZVZil0.flac,1615296923,1.6 GB
/mnt/dataset_1T/FTV_News_flac/ncfCdAUAMYY.flac,1613078840,1.6 GB
/mnt/dataset_1T/FTV_News_flac/X8tMil41kNw.flac,1606972766,1.6 GB
/mnt/dataset_1T/FTV_News_flac/BwDtGARrKHg.flac,1605625774,1.6 GB
/mnt/dataset_1T/FTV_News_flac/As-narH-cFA.flac,1594108037,1.6 GB
/mnt/dataset_1T/FTV_News_flac/Te4p0BHaaO8.flac,1587006440,1.6 GB
/mnt/dataset_1T/FTV_News_flac/rxyYIIhRizA.flac,1577725560,1.6 GB
/mnt/dataset_1T/FTV_News_flac/BNW6dKTuhtk.flac,1563607425,1.6 GB
/mnt/dataset_1T/FTV_News_flac/U9lMh-OrZDQ.flac,1562942714,1.6 GB
/mnt/dataset_1T/FTV_News_flac/JxPLq1poWB8.flac,1550526363,1.6 GB
/mnt/dataset_1T/FTV_News_flac/UMvQxGzkJxI.flac,1525063801,1.5 GB
/mnt/dataset_1T/FTV_News_flac/sKPBu7zDKOo.flac,1515964914,1.5 GB
/mnt/dataset_1T/FTV_News_flac/6n-LFHqieFM.flac,1515189736,1.5 GB
/mnt/dataset_1T/FTV_News_flac/9ObqoCsXq8o.flac,1507773845,1.5 GB
/mnt/dataset_1T/FTV_News_flac/Xm5nlAa_spc.flac,1503174793,1.5 GB
/mnt/dataset_1T/FTV_News_flac/C9WE1bHjOyQ.flac,1493215265,1.5 GB
/mnt/dataset_1T/FTV_News_flac/5f31C5z_o_0.flac,1466197860,1.5 GB
/mnt/dataset_1T/FTV_News_flac/lx5lclpLUrU.flac,1459299785,1.5 GB
/mnt/dataset_1T/FTV_News_flac/r-as1v0EBq0.flac,1458494181,1.5 GB
/mnt/dataset_1T/FTV_News_flac/nIAb91N2ttI.flac,1454636291,1.5 GB
/mnt/dataset_1T/FTV_News_flac/8i68RND8EbQ.flac,1446151608,1.4 GB
/mnt/dataset_1T/FTV_News_flac/dULX8BMFqvU.flac,1432113261,1.4 GB
/mnt/dataset_1T/FTV_News_flac/JIT6V9zPN8k.flac,1431908642,1.4 GB
/mnt/dataset_1T/FTV_News_flac/u_7LI5nQDi0.flac,1419189607,1.4 GB
/mnt/dataset_1T/FTV_News_flac/CmHgrtZLhJo.flac,1418931038,1.4 GB
/mnt/dataset_1T/FTV_News_flac/FdpA62Ds1Zw.flac,1416719915,1.4 GB
/mnt/dataset_1T/FTV_News_flac/2wTNrjn7tYI.flac,1409346547,1.4 GB
/mnt/dataset_1T/FTV_News_flac/pg0LGkhSgAk.flac,1409187821,1.4 GB
/mnt/dataset_1T/FTV_News_flac/evX_uLks4Aw.flac,1399086377,1.4 GB
/mnt/dataset_1T/FTV_News_flac/7vsxIsid58Y.flac,1387266287,1.4 GB
/mnt/dataset_1T/FTV_News_flac/AV63flz3BTs.flac,1386681675,1.4 GB
/mnt/dataset_1T/FTV_News_flac/3SbSjhufUnc.flac,1384239379,1.4 GB
/mnt/dataset_1T/FTV_News_flac/ea8J8WFkZEo.flac,1375990925,1.4 GB
/mnt/dataset_1T/FTV_News_flac/wsBO6JRTx8I.flac,1375844147,1.4 GB
/mnt/dataset_1T/FTV_News_flac/knICGXpdChc.flac,1374019225,1.4 GB
/mnt/dataset_1T/FTV_News_flac/VzghooJzmA4.flac,1364958810,1.4 GB
/mnt/dataset_1T/FTV_News_flac/BcnXeeQC6S0.flac,1364404387,1.4 GB
/mnt/dataset_1T/FTV_News_flac/HljKX6hKjEE.flac,1357735307,1.4 GB
/mnt/dataset_1T/FTV_News_flac/8bVMwaG3-Js.flac,1357676767,1.4 GB
/mnt/dataset_1T/FTV_News_flac/cZKnqR-z008.flac,1354240654,1.4 GB
/mnt/dataset_1T/FTV_News_flac/SZV4i-N8Yb0.flac,1342263112,1.3 GB
/mnt/dataset_1T/FTV_News_flac/89l2TIRwIPM.flac,1341545291,1.3 GB
/mnt/dataset_1T/FTV_News_flac/ZVVbsDJq2Ho.flac,1334175403,1.3 GB
/mnt/dataset_1T/FTV_News_flac/ahSNNOccXD8.flac,1325266944,1.3 GB
/mnt/dataset_1T/FTV_News_flac/yl7HJC-3C3E.flac,1323218633,1.3 GB
/mnt/dataset_1T/FTV_News_flac/sJRuPdnOKyQ.flac,1317066527,1.3 GB
/mnt/dataset_1T/FTV_News_flac/2q6Ue5oc2iU.flac,1316403651,1.3 GB
/mnt/dataset_1T/FTV_News_flac/hoOUiU59mu4.flac,1313145487,1.3 GB
/mnt/dataset_1T/FTV_News_flac/rUCFcz5vvxo.flac,1311990249,1.3 GB
/mnt/dataset_1T/FTV_News_flac/gpB-d66j2f4.flac,1307562001,1.3 GB
/mnt/dataset_1T/FTV_News_flac/CIt1X1XT1lk.flac,1306447236,1.3 GB
/mnt/dataset_1T/FTV_News_flac/Vi3UrZW_9Aw.flac,1304524850,1.3 GB
/mnt/dataset_1T/FTV_News_flac/baarOfRzM2k.flac,1302722871,1.3 GB
/mnt/dataset_1T/FTV_News_flac/VY3xKbx7xCU.flac,1298253090,1.3 GB
/mnt/dataset_1T/FTV_News_flac/Qx22APp2wW4.flac,1298071339,1.3 GB
/mnt/dataset_1T/FTV_News_flac/xB1yJUrWasU.flac,1296826368,1.3 GB
/mnt/dataset_1T/FTV_News_flac/Kk9H805Cvh0.flac,1296721029,1.3 GB
/mnt/dataset_1T/FTV_News_flac/_zKpoDPRLKw.flac,1295578125,1.3 GB
/mnt/dataset_1T/FTV_News_flac/JQRWU2xpZMc.flac,1292503533,1.3 GB
/mnt/dataset_1T/FTV_News_flac/BBOmHSbkjw4.flac,1288248712,1.3 GB
/mnt/dataset_1T/FTV_News_flac/kpp-aAA8icQ.flac,1283357878,1.3 GB
/mnt/dataset_1T/FTV_News_flac/lhYCc6m93ok.flac,1275316275,1.3 GB
/mnt/dataset_1T/FTV_News_flac/aJgqtLgRqUs.flac,1268690809,1.3 GB
/mnt/dataset_1T/FTV_News_flac/k3FPgQF_sQs.flac,1261693003,1.3 GB
/mnt/dataset_1T/FTV_News_flac/wqNm94LVGEI.flac,1260598954,1.3 GB
/mnt/dataset_1T/FTV_News_flac/Ai3RsZAbQVo.flac,1255611767,1.3 GB
/mnt/dataset_1T/FTV_News_flac/2h1npbkoqpM.flac,1254846465,1.3 GB
/mnt/dataset_1T/FTV_News_flac/7pF41I0v-CM.flac,1254575955,1.3 GB
/mnt/dataset_1T/FTV_News_flac/8iKqJgSBB1U.flac,1251377187,1.3 GB
/mnt/dataset_1T/FTV_News_flac/qpFu-Ol-Bt0.flac,1249673624,1.2 GB
/mnt/dataset_1T/FTV_News_flac/J6374bFVbyE.flac,1248542149,1.2 GB
/mnt/dataset_1T/FTV_News_flac/0_gP_0ReSFo.flac,1244474747,1.2 GB
/mnt/dataset_1T/FTV_News_flac/_-ZtSeipuos.flac,1243013361,1.2 GB
/mnt/dataset_1T/FTV_News_flac/jAvm5WNb6KE.flac,1241987207,1.2 GB
/mnt/dataset_1T/FTV_News_flac/pvKd7AhsoKU.flac,1241987026,1.2 GB
/mnt/dataset_1T/FTV_News_flac/3ta-anwansg.flac,1241851756,1.2 GB
/mnt/dataset_1T/FTV_News_flac/omOAXJ2m1ZQ.flac,1236851434,1.2 GB
/mnt/dataset_1T/FTV_News_flac/W2Opk5uXuLo.flac,1236628075,1.2 GB
/mnt/dataset_1T/FTV_News_flac/D5PyG_0AleA.flac,1235847173,1.2 GB
/mnt/dataset_1T/FTV_News_flac/td2GQ9Z0Cns.flac,1235592397,1.2 GB
/mnt/dataset_1T/FTV_News_flac/wXbst7QtPC8.flac,1233300345,1.2 GB
/mnt/dataset_1T/FTV_News_flac/StQ76VAroLo.flac,1232883545,1.2 GB
/mnt/dataset_1T/FTV_News_flac/0zH2drtyhUY.flac,1221591691,1.2 GB
/mnt/dataset_1T/FTV_News_flac/1OEWh7mJeYc.flac,1220702030,1.2 GB
/mnt/dataset_1T/FTV_News_flac/UVoVGyi5u9k.flac,1219564150,1.2 GB
/mnt/dataset_1T/FTV_News_flac/clI61mBR5tc.flac,1218147484,1.2 GB
/mnt/dataset_1T/FTV_News_flac/s4E2yBDsADg.flac,1215811288,1.2 GB
/mnt/dataset_1T/FTV_News_flac/F7ePnmeiAaQ.flac,1207849484,1.2 GB
/mnt/dataset_1T/FTV_News_flac/TQFY_BC0qqs.flac,1205322714,1.2 GB
/mnt/dataset_1T/FTV_News_flac/YK3gOkpieJQ.flac,1204870647,1.2 GB
/mnt/dataset_1T/FTV_News_flac/-LztxDFoFaY.flac,1202983356,1.2 GB
/mnt/dataset_1T/FTV_News_flac/EIVCdu88pBw.flac,1199598563,1.2 GB
/mnt/dataset_1T/FTV_News_flac/5-Xp1fBoiQ8.flac,1193395883,1.2 GB
/mnt/dataset_1T/FTV_News_flac/dQXHbGhrCIw.flac,1193130431,1.2 GB
/mnt/dataset_1T/FTV_News_flac/CbNdL9-o1Xc.flac,1189578223,1.2 GB
/mnt/dataset_1T/FTV_News_flac/WbGJdTEzSxA.flac,1188730457,1.2 GB
/mnt/dataset_1T/FTV_News_flac/v1zma4R-3SU.flac,1185344197,1.2 GB
/mnt/dataset_1T/FTV_News_flac/OX1BYsARpKY.flac,1184561531,1.2 GB
/mnt/dataset_1T/FTV_News_flac/hGuoqvto_iU.flac,1184554890,1.2 GB
/mnt/dataset_1T/FTV_News_flac/MLWoep4FM3E.flac,1180856437,1.2 GB
/mnt/dataset_1T/FTV_News_flac/pHqCYqvRJDw.flac,1179325615,1.2 GB
/mnt/dataset_1T/FTV_News_flac/6vNuj4xwrrU.flac,1178265546,1.2 GB
/mnt/dataset_1T/FTV_News_flac/kUCoAdWGiDo.flac,1178231997,1.2 GB
/mnt/dataset_1T/FTV_News_flac/XXxXA7-IfSc.flac,1176950097,1.2 GB
/mnt/dataset_1T/FTV_News_flac/hNQihH5guL8.flac,1176559525,1.2 GB
/mnt/dataset_1T/FTV_News_flac/0C7vDA_y7to.flac,1175531675,1.2 GB
/mnt/dataset_1T/FTV_News_flac/n3vZ5wTvS10.flac,1174043247,1.2 GB
/mnt/dataset_1T/FTV_News_flac/0r23FjSLvcI.flac,1171876609,1.2 GB
/mnt/dataset_1T/FTV_News_flac/jDYOzl7j43I.flac,1171532429,1.2 GB
/mnt/dataset_1T/FTV_News_flac/AvneR_qKIog.flac,1169524746,1.2 GB
/mnt/dataset_1T/FTV_News_flac/LkoH2EeMxTA.flac,1165748906,1.2 GB
/mnt/dataset_1T/FTV_News_flac/r0JjyDnWXv8.flac,1163403774,1.2 GB
/mnt/dataset_1T/FTV_News_flac/uNCpkiqSOjY.flac,1161670473,1.2 GB
/mnt/dataset_1T/FTV_News_flac/cfQL_G2xOgM.flac,1160405786,1.2 GB
/mnt/dataset_1T/FTV_News_flac/OhYG808JRAo.flac,1159363553,1.2 GB
/mnt/dataset_1T/FTV_News_flac/epHrORskpdQ.flac,1159337888,1.2 GB
/mnt/dataset_1T/FTV_News_flac/g3--qGrh0j4.flac,1152514470,1.2 GB
/mnt/dataset_1T/FTV_News_flac/VQxrkDx0TYc.flac,1151750075,1.2 GB
/mnt/dataset_1T/FTV_News_flac/nQQIKv-EHsg.flac,1150572532,1.2 GB
/mnt/dataset_1T/FTV_News_flac/kyrNqorN-NA.flac,1147324918,1.1 GB
/mnt/dataset_1T/FTV_News_flac/8S9OmSPzIgc.flac,1145799053,1.1 GB
/mnt/dataset_1T/FTV_News_flac/6EULGIb8Pew.flac,1143473323,1.1 GB
/mnt/dataset_1T/FTV_News_flac/pyx5nxYWyvA.flac,1142047649,1.1 GB
/mnt/dataset_1T/FTV_News_flac/oOMT6O7o5-w.flac,1140118944,1.1 GB
/mnt/dataset_1T/FTV_News_flac/1J5jN_vB9SU.flac,1134714091,1.1 GB
/mnt/dataset_1T/FTV_News_flac/wC-tMUblTX0.flac,1134076432,1.1 GB
/mnt/dataset_1T/FTV_News_flac/Tyc6Tt2uZYY.flac,1133939776,1.1 GB
/mnt/dataset_1T/FTV_News_flac/2PdursScjMk.flac,1133667511,1.1 GB
/mnt/dataset_1T/FTV_News_flac/2fOk4YmYw1E.flac,1131754540,1.1 GB
/mnt/dataset_1T/FTV_News_flac/rJWPTLivxJ0.flac,1129206669,1.1 GB
/mnt/dataset_1T/FTV_News_flac/79fxWd13xDs.flac,1129111339,1.1 GB
/mnt/dataset_1T/FTV_News_flac/Dr-dow4BngU.flac,1126585934,1.1 GB
/mnt/dataset_1T/FTV_News_flac/1BviELl3230.flac,1126352127,1.1 GB
/mnt/dataset_1T/FTV_News_flac/Bj0B4wNYHVs.flac,1126287590,1.1 GB
/mnt/dataset_1T/FTV_News_flac/_TbHuVzVbD8.flac,1126005333,1.1 GB
/mnt/dataset_1T/FTV_News_flac/o-J415n_OI0.flac,1124696157,1.1 GB
/mnt/dataset_1T/FTV_News_flac/g6JTkIz0U7A.flac,1123887092,1.1 GB
/mnt/dataset_1T/FTV_News_flac/nszhSwbR3jM.flac,1119925288,1.1 GB
/mnt/dataset_1T/FTV_News_flac/XZyFlhoplEY.flac,1119493211,1.1 GB
/mnt/dataset_1T/FTV_News_flac/qd4dxGyBbCk.flac,1114147703,1.1 GB
/mnt/dataset_1T/FTV_News_flac/1PahlHSQkT4.flac,1113516603,1.1 GB
/mnt/dataset_1T/FTV_News_flac/kRAeRzjmjAg.flac,1112593870,1.1 GB
/mnt/dataset_1T/FTV_News_flac/e6Y02zRi3FQ.flac,1110230478,1.1 GB
/mnt/dataset_1T/FTV_News_flac/l4w4ZhFlZD0.flac,1110000241,1.1 GB
/mnt/dataset_1T/FTV_News_flac/U8o_pi_seoQ.flac,1108864836,1.1 GB
/mnt/dataset_1T/FTV_News_flac/Qf_PITTgm3Q.flac,1108800207,1.1 GB
/mnt/dataset_1T/FTV_News_flac/cLOEsX3UnPA.flac,1108301567,1.1 GB
/mnt/dataset_1T/FTV_News_flac/rU-ZewTbTR8.flac,1106355635,1.1 GB
/mnt/dataset_1T/FTV_News_flac/7tEVrzn7dDY.flac,1104054556,1.1 GB
/mnt/dataset_1T/FTV_News_flac/tnLLN5ZBlcI.flac,1102489318,1.1 GB
/mnt/dataset_1T/FTV_News_flac/Ofen-bxM5A4.flac,1099913586,1.1 GB
/mnt/dataset_1T/FTV_News_flac/kfB6IiHzCOc.flac,1099677262,1.1 GB
/mnt/dataset_1T/FTV_News_flac/jtF1rGUFEEk.flac,1098513968,1.1 GB
/mnt/dataset_1T/FTV_News_flac/4mXDpYEZJF4.flac,1096234204,1.1 GB
/mnt/dataset_1T/FTV_News_flac/tsHYJHSKXtM.flac,1092960994,1.1 GB
/mnt/dataset_1T/FTV_News_flac/OK4P_8PIkz8.flac,1091034037,1.1 GB
/mnt/dataset_1T/FTV_News_flac/1QeEUMvfbg4.flac,1089684766,1.1 GB
/mnt/dataset_1T/FTV_News_flac/3VO-c58oAAs.flac,1086267140,1.1 GB
/mnt/dataset_1T/FTV_News_flac/P-ox9RfCoek.flac,1086201381,1.1 GB
/mnt/dataset_1T/FTV_News_flac/yEP4NtXnm0Q.flac,1085580047,1.1 GB
/mnt/dataset_1T/FTV_News_flac/jiYQZRW6LGY.flac,1083518008,1.1 GB
/mnt/dataset_1T/FTV_News_flac/hgRizza6lBI.flac,1082315694,1.1 GB
/mnt/dataset_1T/FTV_News_flac/YFGcW-Tt1jQ.flac,1079473359,1.1 GB
/mnt/dataset_1T/FTV_News_flac/TA9Y38u49iU.flac,1078927228,1.1 GB
/mnt/dataset_1T/FTV_News_flac/4ljq_AlsUZ0.flac,1075196673,1.1 GB
/mnt/dataset_1T/FTV_News_flac/ub3RNfZ88QI.flac,1074062442,1.1 GB
/mnt/dataset_1T/FTV_News_flac/QVJQUr7CtuY.flac,1073371821,1.1 GB
/mnt/dataset_1T/FTV_News_flac/ULvVZwQ3zYY.flac,1067870884,1.1 GB
/mnt/dataset_1T/FTV_News_flac/MxI568W5kSk.flac,1067592852,1.1 GB
/mnt/dataset_1T/FTV_News_flac/IJNfiikOZ60.flac,1065909606,1.1 GB
/mnt/dataset_1T/FTV_News_flac/E9zHIMltEAw.flac,1060161916,1.1 GB
/mnt/dataset_1T/FTV_News_flac/OEjYfFm_qXU.flac,1055713534,1.1 GB
/mnt/dataset_1T/FTV_News_flac/z7iXuJV4wDk.flac,1055316823,1.1 GB
/mnt/dataset_1T/FTV_News_flac/2m65I2tdggs.flac,1050648209,1.1 GB
/mnt/dataset_1T/FTV_News_flac/S5hU8o1Fs1g.flac,1047786292,1.0 GB
/mnt/dataset_1T/FTV_News_flac/gUzsfdOqmSc.flac,1043622389,1.0 GB
/mnt/dataset_1T/FTV_News_flac/54qP6up0F5g.flac,1043105630,1.0 GB
/mnt/dataset_1T/FTV_News_flac/G-HpKVaxucI.flac,1042876087,1.0 GB
/mnt/dataset_1T/FTV_News_flac/Znz_yh1axJo.flac,1042628122,1.0 GB
/mnt/dataset_1T/FTV_News_flac/1Npi4JstoaU.flac,1042086519,1.0 GB
/mnt/dataset_1T/FTV_News_flac/8fVukSprYK4.flac,1038425509,1.0 GB
/mnt/dataset_1T/FTV_News_flac/rq0eidkAmvQ.flac,1034408296,1.0 GB
/mnt/dataset_1T/FTV_News_flac/_j_b75pNn9E.flac,1032337983,1.0 GB
/mnt/dataset_1T/FTV_News_flac/H2_0v-Rz3ug.flac,1031683444,1.0 GB
/mnt/dataset_1T/FTV_News_flac/yNFn1elRpXQ.flac,1028729345,1.0 GB
/mnt/dataset_1T/FTV_News_flac/tLAsKm4DQQs.flac,1028501089,1.0 GB
/mnt/dataset_1T/FTV_News_flac/fMTU5S3sZ0o.flac,1027201781,1.0 GB
/mnt/dataset_1T/FTV_News_flac/NcOlv4CTiOY.flac,1026788384,1.0 GB
/mnt/dataset_1T/FTV_News_flac/D2wMEbcUbhQ.flac,1020585213,1.0 GB
/mnt/dataset_1T/FTV_News_flac/CyQTlirRJXs.flac,1019100462,1.0 GB
/mnt/dataset_1T/FTV_News_flac/HFe_qxGptCI.flac,1015372858,1.0 GB
/mnt/dataset_1T/FTV_News_flac/CFLjQZApCTI.flac,1012393920,1.0 GB
/mnt/dataset_1T/FTV_News_flac/-SLpauytR_w.flac,1010428569,1.0 GB
/mnt/dataset_1T/FTV_News_flac/Ci-VXGODMMI.flac,1008935810,1.0 GB
/mnt/dataset_1T/FTV_News_flac/HWW8DlFbtyI.flac,1008088693,1.0 GB
/mnt/dataset_1T/FTV_News_flac/ypelrjzvDGM.flac,1002514622,1.0 GB
/mnt/dataset_1T/FTV_News_flac/We9nYjj1N2Q.flac,1002226213,1.0 GB
/mnt/dataset_1T/FTV_News_flac/iCn6nPZthtE.flac,1001038310,1.0 GB
/mnt/dataset_1T/FTV_News_flac/h2nTdBMpGsw.flac,999439281,999.4 MB
/mnt/dataset_1T/FTV_News_flac/0Fnkbjpm2hA.flac,997434891,997.4 MB
/mnt/dataset_1T/FTV_News_flac/Mk-Mdg5oXLY.flac,997271487,997.3 MB
/mnt/dataset_1T/FTV_News_flac/ik7RL8MR3ww.flac,992261204,992.3 MB
/mnt/dataset_1T/FTV_News_flac/m1UxVcyYzXM.flac,991672215,991.7 MB
/mnt/dataset_1T/FTV_News_flac/ePug5vTdFF8.flac,990015821,990.0 MB
/mnt/dataset_1T/FTV_News_flac/Pmc_PXrBJn0.flac,986849825,986.8 MB
/mnt/dataset_1T/FTV_News_flac/yTcDAl_MPFs.flac,986761616,986.8 MB
/mnt/dataset_1T/FTV_News_flac/NwxOuj5zF6M.flac,984538720,984.5 MB
/mnt/dataset_1T/FTV_News_flac/5rmH4RzFd_U.flac,978310942,978.3 MB
/mnt/dataset_1T/FTV_News_flac/DkB3lwNg4mk.flac,977535077,977.5 MB
/mnt/dataset_1T/FTV_News_flac/9ewS4XQ79SI.flac,976294604,976.3 MB
/mnt/dataset_1T/FTV_News_flac/BBlBqLCTJW8.flac,975509042,975.5 MB
/mnt/dataset_1T/FTV_News_flac/MPHY5xi3okU.flac,969673748,969.7 MB
/mnt/dataset_1T/FTV_News_flac/JUyXqu9p1nQ.flac,966272663,966.3 MB
/mnt/dataset_1T/FTV_News_flac/o-Aj9Me0Tbw.flac,966140317,966.1 MB
/mnt/dataset_1T/FTV_News_flac/7w3hXeFrXCI.flac,965455841,965.5 MB
/mnt/dataset_1T/FTV_News_flac/5UOTGRL7V5s.flac,964233845,964.2 MB
/mnt/dataset_1T/FTV_News_flac/0sb45xV8zSU.flac,963554765,963.6 MB
/mnt/dataset_1T/FTV_News_flac/tJfveWqMgE0.flac,959846453,959.8 MB
/mnt/dataset_1T/FTV_News_flac/FGb_8Mdqk60.flac,959812470,959.8 MB
/mnt/dataset_1T/FTV_News_flac/Vsxv5L-nkmE.flac,949033215,949.0 MB
/mnt/dataset_1T/FTV_News_flac/QePaatk1HLI.flac,947853566,947.9 MB
/mnt/dataset_1T/FTV_News_flac/cgojuvXo5Kc.flac,947088734,947.1 MB
/mnt/dataset_1T/FTV_News_flac/cippLLc19dA.flac,945163053,945.2 MB
/mnt/dataset_1T/FTV_News_flac/99LM1WmOtvU.flac,945107054,945.1 MB
/mnt/dataset_1T/FTV_News_flac/RilaPqTwFI4.flac,943847040,943.8 MB
/mnt/dataset_1T/FTV_News_flac/4Ccx8kOfoIE.flac,942875447,942.9 MB
/mnt/dataset_1T/FTV_News_flac/igiSE1aMGXU.flac,941024428,941.0 MB
/mnt/dataset_1T/FTV_News_flac/acM48j8Y45c.flac,940457966,940.5 MB
/mnt/dataset_1T/FTV_News_flac/wpSf9tpmB9g.flac,937039798,937.0 MB
/mnt/dataset_1T/FTV_News_flac/bZbARo5-YHI.flac,936350970,936.4 MB
/mnt/dataset_1T/FTV_News_flac/SLmEYudY7JY.flac,935913485,935.9 MB
/mnt/dataset_1T/FTV_News_flac/R15_y3uDTSk.flac,935860567,935.9 MB
/mnt/dataset_1T/FTV_News_flac/9kyniet-uVk.flac,930865086,930.9 MB
/mnt/dataset_1T/FTV_News_flac/QpWBTgPvrEg.flac,928086626,928.1 MB
/mnt/dataset_1T/FTV_News_flac/NVVrQnsvEEA.flac,927930013,927.9 MB
/mnt/dataset_1T/FTV_News_flac/NvVlQ1OQCUY.flac,926938126,926.9 MB
/mnt/dataset_1T/FTV_News_flac/k7aa96gEJm8.flac,925511559,925.5 MB
/mnt/dataset_1T/FTV_News_flac/XIOllNls5R8.flac,920126295,920.1 MB
/mnt/dataset_1T/FTV_News_flac/D4QDWsOGRww.flac,919197420,919.2 MB
